,Unnamed: 0,iconfarm,iconserver,ignored,nsid,rev_ignored,username,location,lat,lon
0,0,4,3751,0,37451064@N00,0,*Cinnamon,"San Francisco, USA",37.7789601,-122.419199
1,1,4,3917,0,77557459@N02,0,*December Sun,Croatia,45.5643442,17.0118954
2,2,3,2848,0,33564809@N02,0,*eduardoa*,"Milan, Italy",45.4666211,9.1906166
3,3,8,7456,0,33645378@N04,0,*green leaves*,Canada,61.0666922,-107.9917071
4,4,1,4,0,64387153@N00,0,*laikanet*,"Helsinki, Finland",60.1713198,24.9414566
5,5,8,7344,0,80664901@N00,0,*Sakura*,＊ 日本 / JAPAN,,
6,6,8,7238,0,48515569@N07,0,*Ølivier* [mode protégé],,,
7,7,4,3690,0,47451513@N02,0,- Lee.,,,
8,8,3,2918,0,26171487@N05,0,-benson- 編審,"New Taipei City, Taiwan (R.O.C.)",,
9,9,8,7392,0,33929945@N00,0,-bos[s]-,"Sydney, Australia",-33.8548157,151.2164539
10,10,5,4035,0,95636458@N00,0,-liyen-,Canada,61.0666922,-107.9917071
11,11,4,3036,0,31926667@N04,0,-Migue!-,"Berlin, Alemania",52.5170365,13.3888599
12,12,4,3118,0,58728367@N00,0,. Cate .,,,
13,13,6,5484,0,35317540@N03,0,...The Man From The Past...,,,
14,14,4,3823,0,46896560@N08,0,.Dirk,Berlin,52.5170365,13.3888599
15,15,3,2835,0,94876912@N00,0,1ragincajun,Honolulu,21.304547,-157.8556764
16,16,3,2880,0,66573500@N07,0,20g32 & Minitxell,,,
17,17,8,7037,0,38457221@N08,0,2undsiebzig.de,,,
18,18,6,5456,0,23755444@N00,0,37Hz,,,
19,19,6,5578,0,69818884@N03,0,41×antiŦakir×14,FR,46.603354,1.8883335
20,20,4,3872,0,60819523@N04,0,712_,Canada,61.0666922,-107.9917071
21,21,8,7294,0,67499195@N00,0,96dpi,"Potsdam, Germany",52.4009818,13.0622213
22,22,4,3153,0,41865427@N03,0,>TIM<,"Vienna / Hannover, Austria / Germany",,
23,23,8,7438,0,48889035424@N01,0,[m]apugrafie,"Munich, Germany",48.1372719,11.5754815
24,24,9,8220,0,47734304@N06,0,[NCP],,,
25,25,4,3910,0,13278950@N04,0,[p.thiers],"osorno, Chile",-40.5740489,-73.1359325
26,26,3,2666,0,42744791@N06,0,[Photom],"Southampton, UK",50.9025349,-1.404189
27,27,6,5445,0,23380867@N06,0,[~Bryan~],,,
28,28,8,7333,0,29765811@N03,0,_EdG_ (almost done...),"Copenhagen, Denmark",55.6867243,12.5700724
29,29,4,3668,0,67877697@N07,0,_flowtation,,,
30,30,8,7220,0,120402953@N02,0,_Ivan_M_,"Novokuznetsk, RUSSIA",53.7589831,87.1375029
31,31,3,2485,0,34932928@N08,0,_TooL_,"Roma, Italia",41.8932575,12.4830619
32,32,6,5534,0,35586022@N08,0,a l e j h,,,
33,33,4,3759,0,95597086@N00,0,A. Aleksandravičius,"Kaunas, Lithuania",54.8981112,23.9113098
34,34,6,5210,0,29408622@N04,0,a.m.medina,Guam,13.444138,144.733626446
35,35,3,2852,0,40252249@N00,0,Achim Thomae,,,
36,36,1,1,0,48446581@N00,0,adamcurry,USA,39.7837304,-100.4458825
37,37,3,2935,0,61937568@N05,0,adasinh,"Puerto Aysén, Región de Aysén, Chile",,
38,38,4,3492,0,42207842@N08,0,Agnieszka Dargiel,,,
39,39,1,50,0,55104692@N00,0,Aidan M. Grey,"Boulder, Colorado, US",40.0149856,-105.2705456
40,40,8,7297,0,36381187@N02,0,Akira Curiosava,"Un po' Piombino, un po' Pisa!!, Italy",,
41,41,3,2538,0,38440895@N08,0,alaska0812,,,
42,42,8,7329,0,47413823@N04,0,Alejandro Bonilla,"Santiago, Chile",-33.4379935,-70.6503976
43,43,4,3754,0,56037854@N04,0,Alejandro Melero Carrillo,Genève,46.2017559,6.1466014
44,44,3,2369,0,75571860@N06,0,aleshurik,Russia,64.6863136,97.7453061
45,45,6,5517,0,98743165@N05,0,alex.casasmedina,,,
46,46,3,2877,0,24785793@N04,0,Alexander Rentsch,"Berlin, Deutschland",52.5170365,13.3888599
47,47,8,7362,0,54181760@N06,0,Alexander van den Bosch,,,
48,48,7,6207,0,49452763@N03,0,alexcoitus,"athens, greece",37.9841493,23.7279843
49,49,8,7379,0,23370273@N05,0,Alice H van der Plas,"Eindhoven, Netherlands",51.44855695,5.45012257186
50,50,0,0,0,10822554@N02,0,allhails,"Greater London, UK",51.4926354,-0.1258324
51,51,4,3824,0,69449238@N02,0,aluedt,"Bremen, Deutschland",53.0758099,8.80717
52,52,4,3686,0,24935641@N05,0,amador_emmanuel34,"Avon, France",,
53,53,8,7435,0,22227855@N06,0,Amgkt,"Kawasaki, Japan",35.5309166,139.7029204
54,54,3,2817,0,31546756@N03,0,AnaTamez,"Berlin, DE",52.5170365,13.3888599
55,55,3,2315,0,27192052@N03,0,Anderson Sato,,,
56,56,5,4089,0,94046364@N00,0,Andrea LD,,,
57,57,4,3696,0,77437440@N03,0,Andrea Merenda,,,
58,58,3,2854,0,41198715@N06,0,andrew evans.,"Kent, England",,
59,59,3,2835,0,16109775@N07,0,Andrew Lockie,,,
60,60,8,7300,0,92788661@N00,0,Andrew P Brooks,"Manchester, United Kingdom",53.4791466,-2.2447445
61,61,8,7290,0,38769716@N08,0,Andy Watson1,"Lincoln, England",,
62,62,0,0,0,98803603@N06,0,angelogiurlando@ymail.com,,,
63,63,2,1354,0,14017876@N02,0,angelsgermain,Barcelona,41.3870186,2.1700437
64,64,3,2261,0,13067734@N05,0,ankaem,,,
65,65,4,3857,0,37762355@N04,0,anna gawlak,"Kraków, Poland",50.061892,19.9368564
66,66,4,3728,0,52898674@N04,0,Anna Koutouzi,kos,58.424756,44.2533273
67,67,9,8421,0,67226526@N08,0,annie-more,,,
68,68,4,3734,0,19159109@N00,0,anniebee,"New York City, USA",40.7305991,-73.9865812
69,69,8,7314,0,12948065@N00,0,Ansel Olson,"Richmond, VA, USA",,
70,70,6,5469,0,22890143@N04,0,anthony samaniego,Los Angeles,34.0536781,-118.2427025
71,71,6,5474,0,45495368@N07,0,Anton Novoselov,Russia,64.6863136,97.7453061
72,72,2,1349,0,50537452@N08,0,Anton Th. M.,Bavaria,48.9467562,11.4038717
73,73,1,19,0,85259253@N00,0,aperturef1,"Alpharetta, USA",34.0709576,-84.2747329
74,74,8,7408,0,53212710@N06,0,appareil,"St. Marys, Canada",43.2562562,-81.1402701
75,75,4,3738,0,48946958@N02,0,ar_graff,,,
76,76,5,4104,0,53690113@N05,0,Arianna_M(on travel),,,
77,77,8,7379,0,123849767@N05,0,Arnaud Servouze,,,
78,78,3,2926,0,98094885@N02,0,ARRECHEA FOTOGRAFIA,"Sierra de los Padres, Argentina",-37.9516108,-57.7772299817
79,79,4,3863,0,59493837@N04,0,Artemy Chanaev,"Nizhny Novgorod, Russian Federation",56.3241427,43.9902091
80,80,0,0,0,44026142@N00,0,Arun Shivanandan,,,
81,81,8,7328,0,113425554@N04,0,Asteu Bliff,,,
82,82,8,7250,0,82158302@N07,0,Atget's Morning Light,,,
83,83,8,7404,0,34053999@N07,0,Attracted2light,,,
84,84,4,3836,0,123450393@N06,0,ayezgl,,,
85,85,1,26,0,59614325@N00,0,Bajy,"62730-marck, france",,
86,86,8,7445,0,21506401@N06,0,Bartoffel,,,
87,87,1,61,0,53988374@N00,0,barçalunacy,,,
88,88,8,7398,0,65051811@N08,0,Bashamphoto,"Bandera, TX, USA",,
89,89,4,3776,0,40018510@N05,0,Bastiaan_65,,,
90,90,5,4107,0,43359922@N00,0,Batistini Gaston,Belgium,50.6407351,4.66696
91,91,6,5452,0,47381484@N00,0,bbferrand,Montréal,45.5224507,-73.5912827
92,92,8,7454,0,45689939@N02,0,BeboFlickr,,,
93,93,0,0,0,14901994@N03,0,behatrice,,,
94,94,4,3749,0,8096256@N05,0,Ben Duchac,,,
95,95,4,3689,0,50415274@N03,0,Ben F McManus,,,
96,96,8,7386,0,46833799@N02,0,Ben K Adams,,,
97,97,4,3771,0,95339328@N00,0,Benjamin Postlewait,,,
98,98,5,4028,0,50976560@N07,0,bent inge,,,
99,99,5,4127,0,54215863@N07,0,BenTheCook,"London, England",,
100,100,5,4051,0,49281616@N08,0,Berlin cheesecake,,,
101,101,8,7387,0,13054551@N00,0,BERT DESIGN,"TAIPEI, TAIWAN",25.0375167,121.5637
102,102,4,3867,0,46285108@N03,0,BigWhitePelican,"Helsinki, Finland",60.1713198,24.9414566
103,103,1,127,0,87288819@N00,0,bill bold II,,,
104,104,3,2879,0,7489904@N03,0,billdsym,,,
105,105,6,5456,0,82647013@N00,0,blaueaster,"Berlin, Germany",52.5170365,13.3888599
106,106,2,1208,0,42773328@N03,0,Blauer_Himmel,"Kawasaki,Kanagawa, Japan",35.5309166,139.7029204
107,107,6,5105,0,61791156@N04,0,Bleutris,,,
108,108,4,3761,0,36119280@N04,0,blichb,,,
109,109,3,2678,0,45325473@N04,0,blinkingidiot,,,
110,110,8,7416,0,95182580@N08,0,blueclaret,London,51.5072759,-0.1276597
111,111,9,8537,0,49384482@N08,0,bluerockpile,"London, United Kingdom",51.5072759,-0.1276597
112,112,1,63,0,85825630@N00,0,boklm,"Paris, France",,
113,113,4,3414,0,34620354@N07,0,Botond Horváth,"Budapest, Hungary",47.4983815,19.0404707
114,114,4,3702,0,50030813@N08,0,Bour ii k ☮ {very busy},,,
115,115,4,3741,0,34125818@N06,0,BphotoR,,,
116,116,8,7301,0,8310179@N02,0,brdwrd,"Brooklyn, NY",,
117,117,9,8218,0,51201586@N04,0,breeze.kaze,,,
118,118,6,5446,0,9547593@N08,0,Brestitude,,,
119,119,6,5483,0,47317962@N05,0,Brian Isemann,"Thurmont, MD",39.6237094,-77.4108201
120,120,3,2472,0,37879402@N07,0,brightdawns,Finland,63.2467777,25.9209164
121,121,9,8244,0,42413055@N08,0,brissychic,"Dublin, Ireland",53.3494299,-6.2600969
122,122,4,3181,0,10303690@N07,0,BROTY1,,,
123,123,6,5579,0,60676478@N06,0,c é t a i t,france,46.603354,1.8883335
124,124,3,2554,0,38068178@N08,0,C.Rangefinder,,,
125,125,3,2630,0,44760926@N08,0,call me ishmael....,Denver,39.7391536,-104.9847034
126,126,8,7398,0,42712282@N00,0,Calvin Sun,"Calgary, Canada",51.0530588,-114.0625614
127,127,8,7434,0,79656758@N08,0,cam-wells,"new york, ny",,
128,128,5,4031,0,43860148@N02,0,Camera is there.,,,
129,129,4,3670,0,122971645@N05,0,camivahu,,,
130,130,4,3903,0,25390129@N02,0,Careless Edition,,,
131,131,4,3776,0,49461619@N06,0,Carsten aus Bonn,,,
132,132,5,4020,0,24512865@N06,0,cassandraa,,,
133,133,8,7004,0,65397394@N02,0,cassandraa_,"Warsaw, Poland",52.2319237,21.0067265
134,134,1,22,0,75032072@N00,0,chaland,,,
135,135,9,8161,0,27199967@N05,0,change your name,rus,55.296635,21.3761052
136,136,8,7374,0,10591530@N03,0,Checholina,"Santiago, Chile",-33.4379935,-70.6503976
137,137,6,5180,0,59498218@N08,0,chiara.chi,,,
138,138,1,35,0,84555564@N00,0,Chin Chinau,"Oviedo, Asturias (Spain)",43.3533424,-5.87951433953
139,139,5,4118,0,31005942@N08,0,Chloe-Ann,,,
140,140,8,7403,0,92107833@N00,0,Chris Beesley,,,
141,141,6,5449,0,22903936@N03,0,chris.yasick,,,
142,142,3,2173,0,25810202@N05,0,chrisduncash,,,
143,143,8,7290,0,12248978@N07,0,chrisfriel,,,
144,144,3,2864,0,8127999@N04,0,Christian Gendron,,,
145,145,8,7339,0,64807403@N00,0,Christian Wilt,,,
146,146,3,2761,0,32445094@N05,0,christian.plochacki,Deutschland,51.0834196,10.4234469
147,147,1,115,0,76187282@N00,0,christing-O-,"Lyon, France",,
148,148,7,6188,0,46803243@N06,0,Christopher David Black,,,
149,149,8,7394,0,42681980@N04,0,Cincono-,"Canberra, Australia",-35.2820709,149.1286673
150,150,7,6212,0,66390728@N03,0,ck-berlin,"Berlin, Deutschland",52.5170365,13.3888599
151,151,3,2807,0,45962701@N03,0,claraörh.,Sin City,51.6189557,-3.9499339
152,152,4,3807,0,67995615@N03,0,claudecastor,,,
153,153,3,2876,0,8991878@N08,0,Claudio.Ar,,,
154,154,8,7429,0,55805731@N06,0,Clay Kippen,"Brooklyn, New York",40.6501038,-73.9495823
155,155,8,7319,0,45426406@N06,0,coc6,"Paris, France",,
156,156,4,3862,0,35410967@N08,0,cocytus69,"kunming, China",25.47318465,102.917932156
157,157,4,3668,0,52314098@N00,0,ColourPixie,,,
158,158,8,7308,0,31702829@N07,0,constantgardener,"Aarhus, Denmark",56.1496278,10.2134046
159,159,8,7346,0,33399095@N00,0,Corscri Daje Tutti! [Cristiano Corsini],"rome (earth), it",,
160,160,9,8407,0,12240548@N02,0,Cosmin Garlesteanu,,,
161,161,6,5342,0,16199584@N03,0,Coton Buddhas {Will be off for awhile.},,,
162,162,5,4129,0,55027912@N04,0,cpuchip,,,
163,163,1,101,0,84644782@N00,0,creativejuice,"Mountain View, USA",,
164,164,3,2015,0,27478499@N04,0,Cristóbal Alvarado Minic,"Cagua, Venezuela",10.187256,-67.4609702
165,165,4,3720,0,7728841@N05,0,csaveanu,"Montrouge near Paris, France",,
166,166,9,8134,0,71398264@N04,0,CUMBUGO,,,
167,167,1,25,0,31386778@N00,0,D I C K S D A I L Y,"Penzance, UK",50.1213173,-5.5329266
168,168,3,2052,0,24701281@N02,0,d. . .,California,36.7014631,-118.7559974
169,169,5,4128,0,55288874@N08,0,D.Oscar,Sweden,59.6749712,14.5208584
170,170,8,7457,0,59878926@N06,0,Dan Carter 1993,,,
171,171,8,7328,0,45952349@N06,0,Dan Cronin^,"Toronto, Canada",43.6529206,-79.3849008
172,172,8,7302,0,10018259@N04,0,Dan Wiklund,"Göteborg / Gothenburg, Sweden",57.7072326,11.9670171
173,173,1,52,0,91878104@N00,0,Dan_Sim,"Scotland, United Kingdom",56.7861112,-4.1140518
174,174,1,80,0,44153107@N00,0,Danie3,"Bristol, United Kingdom",51.4556994,-2.5952658
175,175,6,5585,0,99672890@N05,0,Daniel Coulmann,"Hamburg, Deutschland",,
176,176,4,3766,0,39020021@N06,0,Daniel Göpfert,,,
177,177,4,3785,0,36382817@N06,0,Daniel Petzold >> www.danielpetzold.de,"Frankfurt am Main, Deutschland",50.1213881,8.66200963696
178,178,4,3877,0,112774650@N03,0,danieleabitante,,,
179,179,3,2853,0,24442124@N06,0,danka.peter,,,
180,180,2,1355,0,40332803@N04,0,Dariusz.Majgier.pl,"Warsaw, Poland",52.2319237,21.0067265
181,181,1,31,0,52345146@N00,0,Davicl,,,
182,182,8,7454,0,34163014@N05,0,David Cemin,Albany,42.6511674,-73.754968
183,183,1,1,0,41324014@N00,0,David Giral | davidgiralphoto.com,"Montreal, Canada",45.5224507,-73.5912827
184,184,8,7415,0,57761648@N02,0,David Kracht,Germany,51.0834196,10.4234469
185,185,6,5193,0,12539267@N00,0,dccrowley,,,
186,186,6,5457,0,62118219@N00,0,Dead Slow,"San Francisco, US",37.7789601,-122.419199
187,187,4,3814,0,12347371@N00,0,deader than yesterday,Minerva,40.7297817,-81.1053764
188,188,9,8331,0,11955619@N02,0,dean.janiak,"Annapolis, MD",,
189,189,8,7384,0,32995812@N03,0,dear_jem,,,
190,190,3,2826,0,113107523@N04,0,demcker,,,
191,191,1,5,0,95601478@N00,0,Derek K. Miller,"Vancouver, Canada",49.2608944,-123.1139383
192,192,5,4088,0,33275007@N05,0,derjosh,,,
193,193,8,7313,0,33000359@N05,0,derScheuch,Germany,51.0834196,10.4234469
194,194,4,3768,0,62356909@N05,0,desomnis,"Vienna, Austria",48.2083537,16.3725042
195,195,4,3665,0,62551419@N07,0,deta k,"Berlin, Deutschland/Germany",52.5229685,13.3785859
196,196,6,5004,0,58188437@N08,0,Diablues,,,
197,197,8,7421,0,33882696@N04,0,diamir8000,,,
198,198,1,21,0,32806287@N00,0,DIDS',,,
199,199,3,2871,0,35283995@N00,0,Dietrich Bojko Photographie,"Berlin, Germany",52.5170365,13.3888599
200,200,1,200,0,8035423@N06,0,digitAL animAL,"Vancouver, Canada",49.2608944,-123.1139383
201,201,6,5448,0,7961121@N04,0,dirac3000,"Paris, France",,
202,202,6,5555,0,64279037@N00,0,"Disorganised Photographer - Ian Wade - Travel, Wil","Bristol, Uk, England",,
203,203,9,8255,0,39210981@N08,0,ditao,,,
204,204,4,3858,0,38509426@N07,0,Dj Poe,"NYC, USA",40.7305991,-73.9865812
205,205,3,2848,0,8637952@N03,0,dmoch,,,
206,206,4,3734,0,23342257@N06,0,Doctor Syntax,"Preston, Lancashire, U.K.",53.7589938,-2.7051618
207,207,6,5470,0,55546945@N00,0,Dove*,,,
208,208,2,1125,0,40520641@N08,0,Dr. Azzacov,"Badajoz, España",38.8764686,-6.9733664
209,209,4,3690,0,38892855@N06,0,DRB Photography.co.uk,England,52.7954791,-0.540240236617
210,210,9,8168,0,79305675@N08,0,Dreaming Lighthouse,,,
211,211,8,7447,0,54810339@N08,0,drggkkrueger,,,
212,212,6,5510,0,43397850@N04,0,dSavin,"Yaroslavl, Russian Federation",57.6263877,39.8933705
213,213,9,8263,0,40178272@N03,0,"dude,walking,on (in ☮)","Raleigh, United States",35.7804015,-78.6390779
214,214,6,5480,0,30127508@N04,0,duncanreddish,"Edinburgh, UK",55.9483399,-3.1932723
215,215,4,3196,0,30633745@N06,0,dustin_j_williams,,,
216,216,8,7141,0,68242587@N00,0,e.kristina,"Trondheim, Norway",63.4305658,10.3951929
217,217,3,2190,0,20110886@N02,0,Edzone,"Brooklyn, NYC, USA",40.6501038,-73.9495823
218,218,9,8072,0,92136356@N07,0,EL-DE,,,
219,219,6,5337,0,44428232@N05,0,Elamcelt,UK,54.7023545,-3.2765753
220,220,9,8258,0,48488738@N07,0,elias.and.theresa.carlson,"Seattle, USA",47.6038321,-122.3300624
221,221,4,3904,0,87237179@N08,0,elkogan,NYC,40.7305991,-73.9865812
222,222,1,155,0,63562383@N00,0,elosoenpersona,"Oviedo, Spain",43.3533424,-5.87951433953
223,223,8,7180,0,45253545@N08,0,ELP - Erik Lehmden Photography,"Liberec, CZECH REPUBLIC",50.7702648,15.0583947
224,224,4,3263,0,28653536@N07,0,elsamuko,"Kiel, Germany",54.34181575,10.1444038955
225,225,4,3510,0,40262652@N07,0,ELuisCabrera,"Las Palmas de G.C., España",,
226,226,5,4055,0,46740714@N04,0,Emily Benjamin,"Brisbane, Queensland, Australia",-27.4689682,153.0234991
227,227,4,3727,0,67881569@N04,0,Eneade,,,
228,228,6,5522,0,26594543@N07,0,Eneas Pedro,,,
229,229,6,5464,0,7755079@N07,0,Environmental Artist,"Oxford, United Kingdom",51.7521553,-1.2582135
230,230,4,3779,0,57809269@N00,0,Eric Ershun,,,
231,231,4,3162,0,32316075@N00,0,ernest figueras,Barcelona,41.3870186,2.1700437
232,232,6,5323,0,47039487@N08,0,erwan 2949,"Anjou, France",,
233,233,1,30,0,89347158@N00,0,eschwagerus,"Berlin, Germany",52.5170365,13.3888599
234,234,6,5462,0,12531113@N07,0,EVA VAZQUEZ DIBUJOS,,,
235,235,9,8388,0,38799421@N04,0,EvanCisneros,,,
236,236,6,5495,0,33050285@N03,0,ewitsoe,,,
237,237,9,8394,0,77928911@N00,0,Fabiela,,,
238,238,8,7283,0,66753740@N00,0,fabrys,"Paris, France",,
239,239,8,7453,0,53309366@N06,0,Fake Truth,,,
240,240,1,26,0,55915190@N00,0,FeatheredTar,"Winnipeg, Canada",49.8833343,-97.1666741
241,241,4,3904,0,101287192@N04,0,fernotte,,,
242,242,7,6203,0,67534619@N02,0,FH | Photography,"Berlin, Germany",52.5170365,13.3888599
243,243,3,2865,0,8973395@N08,0,Filou76,,,
244,244,3,2906,0,47983900@N00,0,fixmycamera,Poznań / Opole / Stockholm ,,
245,245,4,3822,0,58212193@N00,0,flash of light,,,
246,246,8,7426,0,32889236@N02,0,flava2000,"Zürich, Switzerland",47.3685586,8.5404434
247,247,5,4132,0,51527653@N06,0,Flexu,"Porvoo, Finland",60.3953913,25.6604862
248,248,3,2813,0,18900704@N08,0,Florent Solt,"Paris, France",,
249,249,8,7408,0,47026790@N08,0,florianpainke,"Mannheim, Germany",49.4895914,8.4672361
250,250,6,5532,0,45481002@N05,0,Frame_finder,Poland,52.0977181,19.0258159
251,251,8,7343,0,31951688@N05,0,Frank Smout,"Grimbergen, Belgium",50.9357373,4.3643727
252,252,3,2911,0,94618813@N00,0,frank3.0,"Baton Rouge, LA, USA",30.4507462,-91.154551
253,253,1,90,0,19591305@N00,0,Frankinho,,,
254,254,6,5557,0,46113050@N02,0,frans63,"Vianen, Nederland",,
255,255,3,2881,0,29922607@N02,0,frasse21,,,
256,256,4,3809,0,81221500@N00,0,frausieben,,,
257,257,4,3070,0,33112183@N07,0,frederic.,"bretagne, france",,
258,258,4,3685,0,84834788@N06,0,Fredrik Sundqvist,,,
259,259,5,4089,0,29986499@N07,0,frisk_gallery,"Reykjavík, Iceland",64.145981,-21.9422367
260,260,1,29,0,65402000@N00,0,friskypics,"Gotham City, USA",32.7579739,-97.0669292
261,261,2,1219,0,41405029@N00,0,futureancient,"London, UK",51.5072759,-0.1276597
262,262,2,1400,0,11003719@N02,0,galadh_007,Italia,42.6384261,12.674297
263,263,6,5491,0,99642397@N00,0,gallmese,"Budapest, Hungary",47.4983815,19.0404707
264,264,1,29,0,19638643@N00,0,Gary Cattell,,,
265,265,3,2811,0,37036458@N08,0,Gary Danton,,,
266,266,4,3672,0,96547085@N00,0,Gary Purvis,,,
267,267,6,5338,0,93159879@N00,0,Gary Simmons,"Kitchener, Canada",43.4516552,-80.4924615
268,268,4,3680,0,8868875@N03,0,gato-gato-gato,,,
269,269,3,2089,0,14849910@N03,0,Gekko82,"Utrecht, The Netherlands",,
270,270,4,3395,0,31216815@N07,0,geneviève bjargardóttir,"Gameby, Sweden",,
271,271,6,5078,0,75857967@N08,0,German Jimenez Photo,,,
272,272,9,8533,0,42149756@N02,0,Gianmaria Veronese,"Cornaredo, Milano, Italia",45.49697,9.026143
273,273,6,5472,0,36290499@N02,0,Gioacchino Petronicce,France,46.603354,1.8883335
274,274,8,7346,0,21184907@N00,0,giuli@,,,
275,275,4,3698,0,96275474@N03,0,GióThoảng,,,
276,276,3,2493,0,36818595@N04,0,golden.punk.arrow,,,
277,277,2,1184,0,55174997@N02,0,gomez091,,,
278,278,3,2159,0,13086721@N08,0,Graham Blackall,,,
279,279,4,3739,0,74828972@N00,0,grapfapan,,,
280,280,1,29,0,83727590@N00,0,Greg Gladman,"Barcelona, Spain",41.3870186,2.1700437
281,281,3,2352,0,21648944@N05,0,Gregor  Samsa,"Prague, Czech Republic",50.084819,14.4177247
282,282,5,4110,0,53718798@N05,0,Guillermo Elejabeitia,,,
283,283,8,7411,0,53870184@N07,0,Guillermo Murcia,New York ,40.7305991,-73.9865812
284,284,5,4111,0,54246382@N04,0,Gustavo Souza - gustavomes@yahoo.com.br,,,
285,285,4,3925,0,36605754@N08,0,Halvor Skurtveit,"Fjell kommune, Noreg - Norway",,
286,286,9,8535,0,43964945@N08,0,hannahschmucker,,,
287,287,8,7374,0,82452346@N00,0,Hannes R,"Stockholm, Sweden",59.3251172,18.0710935
288,288,3,2254,0,14434912@N07,0,harold.lloyd,,,
289,289,8,7452,0,52364684@N03,0,Harry Lipson,,,
290,290,4,3067,0,25831001@N07,0,Harry2010,"Regina, Saskatchewan, Canada",50.4480951,-104.6158181
291,291,4,3736,0,84317950@N00,0,Hauke Sandhaus,"Enschede, Netherlands",,
292,292,1,29,0,24582142@N00,0,heanster,"Seattle, USA",47.6038321,-122.3300624
293,293,3,2043,0,16423661@N00,0,Heartbeatbox,Berlin,52.5170365,13.3888599
294,294,5,4065,0,27004553@N08,0,heikkri,,,
295,295,9,8316,0,20994108@N07,0,Heiko.J,,,
296,296,4,3439,0,40507456@N05,0,Helena Normark,"Trondheim, Norway",63.4305658,10.3951929
297,297,8,7212,0,76300252@N02,0,hermes303,,,
298,298,6,5582,0,78103775@N05,0,HerrBohn,Halle (Saale),51.4825041,11.9705452
299,299,2,1191,0,13742478@N04,0,"hi, im pez",canada,61.0666922,-107.9917071
300,300,6,5509,0,15218948@N06,0,Hilde-Poesie,,,
301,301,4,3737,0,38984347@N05,0,hjhoeber2,,,
302,302,8,7105,0,95871748@N00,0,HonleyA,,,
303,303,6,5461,0,75888937@N02,0,hyossie,"Osaka, Japan",34.6852955,135.5145684
304,304,8,7162,0,71722289@N05,0,I'd Like more bugs,"Malaga, Éspagne",,
305,305,4,3495,0,27953349@N06,0,i.m.j.,Wales,52.2928116,-3.73893
306,306,3,2871,0,71380571@N02,0,IanDMcGregor,"Yorkton, Canada",51.2116824,-102.4597301
307,307,8,7203,0,42957889@N05,0,icemanphotos,Hungary,47.1817585,19.5060937
308,308,1,3,0,86764550@N00,0,Ichor,"Ipswich, England",,
309,309,4,3784,0,45516811@N08,0,idmcl,Scotland,56.7861112,-4.1140518
310,310,9,8413,0,22149907@N02,0,iHeartDimSum,"Calgary, Canada",51.0530588,-114.0625614
311,311,9,8260,0,54151739@N07,0,iign,"Montevideo, Uruguay",,
312,312,0,0,0,70300028@N04,0,ilya_mordkovich,,,
313,313,3,2846,0,52124496@N04,0,imaginize.net,Sweden,59.6749712,14.5208584
314,314,8,7432,0,30870728@N07,0,ingeborg klarenberg,,,
315,315,1,108,0,96591191@N00,0,Ingrid.,,,
316,316,1,144,0,96496003@N00,0,inmacor,,,
317,317,6,5453,0,37043062@N00,0,IrenaS,"Montreal, Canada",45.5224507,-73.5912827
318,318,8,7426,0,39296186@N02,0,irenkapatrzy,,,
319,319,6,5454,0,53447297@N00,0,IsarSteve,"Berlin, Germany",52.5170365,13.3888599
320,320,6,5518,0,52821721@N00,0,isayx3,"California, USA",,
321,321,4,3674,0,21153209@N00,0,ismaelf,"Brooklyn, USA",40.6501038,-73.9495823
322,322,6,5346,0,84238329@N00,0,itspaulkelly,"York, United Kingdom",53.9590555,-1.0815361
323,323,6,5572,0,79267046@N06,0,ivvy million,germany,51.0834196,10.4234469
324,324,6,5140,0,60976090@N05,0,Iván Murcia,,,
325,325,1,81,0,68845799@N00,0,j zorn,,,
326,326,8,7418,0,13148856@N05,0,j5k,,,
327,327,3,2879,0,16361605@N00,0,jakem,"London, UK",51.5072759,-0.1276597
328,328,1,194,0,8503494@N02,0,James Yeung,"Hong Kong, China",,
329,329,9,8002,0,79688583@N03,0,Jamie Frith,"Perth, Australia",,
330,330,4,3138,0,32750540@N07,0,Jan Dubrovsky,,,
331,331,6,5539,0,11269250@N07,0,Janey Kay,"Boulogne-Billancourt, Paris, France",,
332,332,8,7349,0,86526406@N06,0,Jani Kautto,"Imatra, Finland",61.1714623,28.7708613
333,333,9,8535,0,57623813@N02,0,Jarek Putz,"Hamburg, Germany",,
334,334,2,1120,0,33906436@N00,0,jarguel,France,46.603354,1.8883335
335,335,7,6156,0,42373177@N07,0,Jason Drury,Canada,61.0666922,-107.9917071
336,336,8,7303,0,71052963@N05,0,JavierAndrés,"Zona Rural, Argentina",-32.9157298,-60.8419492
337,337,4,3487,0,66031636@N00,0,javiernoval,"München, Germany",48.1372719,11.5754815
338,338,6,5324,0,63659245@N02,0,jennydasdesign,"Kristinehamn, Sweden",59.25089175,14.0195399785
339,339,4,3857,0,76210270@N02,0,Jesus Arvelo | Fotografia,,,
340,340,8,7332,0,26895569@N07,0,Jesus_l,,,
341,341,9,8131,0,7744332@N02,0,Jillian Anderson,Canada,61.0666922,-107.9917071
342,342,1,202,0,57779704@N00,0,jimexplore,,,
343,343,9,8130,0,37596256@N07,0,jkpark78,USA,39.7837304,-100.4458825
344,344,3,2153,0,25230496@N07,0,jo:wra,"Berlin, Germany",52.5170365,13.3888599
345,345,3,2909,0,25302607@N00,0,Joe Dunckley,UK,54.7023545,-3.2765753
346,346,1,4,0,32618432@N00,0,joe holmes,"New York City, USA",40.7305991,-73.9865812
347,347,3,2038,0,27942212@N00,0,Joep R.,"Amsterdam, Netherlands",,
348,348,9,8398,0,30406950@N07,0,Johan Gustavsson,,,
349,349,3,2883,0,54198312@N03,0,Johannes P.,,,
350,350,4,3771,0,33118749@N00,0,john curley,,,
351,351,4,3778,0,58011840@N02,0,John Skead,,,
352,352,5,4009,0,45899140@N03,0,Jon Downs,,,
353,353,8,7310,0,32965297@N07,0,Jon Siegel,"Singapore, Singapore",1.2904527,103.852038
354,354,8,7439,0,62092813@N00,0,jonathanpercy,"Brooklyn, NY, USA",,
355,355,3,2414,0,21254923@N02,0,Joni N,Finland,63.2467777,25.9209164
356,356,4,3722,0,35720264@N07,0,Jonny Whitlam,,,
357,357,4,3715,0,50305528@N08,0,jonny_weissmueller,,,
358,358,4,3916,0,50300497@N06,0,Josh Farria,"San Francisco, CA",37.7789601,-122.419199
359,359,8,7322,0,77143598@N07,0,joshsoskin,,,
360,360,3,2816,0,94299432@N00,0,jrobertblack,"Tokyo, Japan",35.69004135,139.510395073
361,361,3,2910,0,26479144@N04,0,julianbialowas,"San Francisco, CA",37.7789601,-122.419199
362,362,3,2864,0,80314554@N07,0,Julien Ducenne,,,
363,363,9,8539,0,50112112@N00,0,june1777,"Seoul, Korea",37.5710824,126.9953036
364,364,4,3902,0,51094856@N06,0,justB!,,,
365,365,9,8538,0,18167556@N05,0,Justin Wolfe,"Philadelphia, United States",39.952335,-75.163789
366,366,9,8053,0,54246791@N03,0,Jóannis Sørensen,"Viðareiði, FO - Faroe Islands",,
367,367,9,8427,0,65710106@N05,0,K h a t o n,,,
368,368,4,3676,0,18886807@N00,0,K.Hurley,,,
369,369,4,3184,0,21896155@N04,0,kaliak,belgium,50.6407351,4.66696
370,370,1,49,0,64129598@N00,0,kaneda99,"Turin, Italy",45.0709201,7.685972
371,371,6,5343,0,37566124@N08,0,Kanokin,,,
372,372,8,7159,0,72507894@N08,0,karlospuzon,,,
373,373,6,5308,0,55182004@N04,0,karsten1605,,,
374,374,4,3695,0,113419745@N04,0,Katerine Paczka,,,
375,375,3,2579,0,44498306@N02,0,Katia SANCHEZ Photography,"La Barthe de Neste, France",,
376,376,6,5461,0,99472898@N00,0,kennymatic,"Burnaby, Canada",49.2500011,-122.9500111
377,377,6,5524,0,46723608@N03,0,kericoco,,,
378,378,8,7299,0,54732579@N06,0,Klamma,,,
379,379,1,43,0,31636945@N00,0,koke,"Zaragoza, Spain",41.6521342,-0.8809428
380,380,1,84,0,91535841@N00,0,kondrath82,,,
381,381,3,2436,0,41551107@N04,0,KPEP,"Cambridge, Canada",,
382,382,9,8471,0,87134532@N07,0,KrolopFoto,"Berlin, Deutschland",,
383,383,3,2521,0,45407540@N04,0,Krzysztof Wojciechowski (Stoop),,,
384,384,8,7420,0,65944828@N08,0,Kuusela photography,"Berlin, Germany",,
385,385,3,2524,0,36540763@N05,0,Kévinn Photographie,"Après un certain périple, Dax (40), France",,
386,386,8,7027,0,47028573@N05,0,Ladnewg,"Rennes, France",,
387,387,8,7262,0,109500024@N05,0,lala_heid,,,
388,388,6,5102,0,27014706@N08,0,lars.simon77,"Berlin, Deutschland",52.5170365,13.3888599
389,389,6,5508,0,40370718@N05,0,Laura Marianne,,,
390,390,6,5572,0,66866256@N00,0,Le Cercle Rouge,,,
391,391,4,3524,0,39151213@N08,0,Le Xuan-Cung,,,
392,392,9,8139,0,46989392@N04,0,Leandro Pérez,"Córdoba, Argentina",-32.0967361,-63.7940923
393,393,9,8404,0,7586873@N03,0,lenslet,Japan,36.5748441,139.2394179
394,394,1,1,0,18615422@N00,0,LeRamz,"Berlin, Germany",52.5170365,13.3888599
395,395,3,2872,0,56653299@N07,0,Lewis Stevens,,,
396,396,1,108,0,46169650@N00,0,lichtmaedel,"Neubrandenburg, Germany",53.5574458,13.2602781
397,397,3,2819,0,42121250@N03,0,Lighthouse Keeperess,"Reykjavík, Iceland",64.145981,-21.9422367
398,398,5,4085,0,54230852@N05,0,Lightsize,"Zagreb, Croatia",45.8131545,15.9770298
399,399,6,5580,0,28852366@N04,0,Liis Klammer,"Tartu, Estonia",58.3727059,26.7237528
400,400,8,7024,0,38009982@N08,0,LindaRaymond,"Montréal, Canada",45.5224507,-73.5912827
401,401,3,2920,0,63693578@N06,0,linneanugent,,,
402,402,9,8145,0,18569097@N03,0,Lino Vital Hidalgo,,,
403,403,4,3738,0,77094997@N06,0,Linus Wärn,"Norrköping, Sweden",58.5909124,16.1903511
404,404,4,3743,0,88185660@N04,0,littlekiss☆,,,
405,405,3,2352,0,15481594@N02,0,liz.rusby,"Bay Area, USA",37.7884969,-122.3558473
406,406,1,29,0,18447829@N00,0,Lomodachi,"Tokyo, Japan",35.69004135,139.510395073
407,407,9,8556,0,40962351@N00,0,lomokev,"Brighton, England",,
408,408,3,2916,0,20908775@N04,0,lorenzoviolone,"Rome, (sadly) Italy",,
409,409,3,2902,0,81351037@N04,0,lsind18,,,
410,410,3,2878,0,50481223@N03,0,LTodorova,,,
411,411,3,2834,0,103589154@N04,0,luca percivale,,,
412,412,3,2464,0,36732379@N05,0,LucasAeon,"New York , United States",40.7305991,-73.9865812
413,413,0,0,0,29322334@N02,0,ludovic_barrandon,,,
414,414,6,5541,0,18914704@N00,0,LutzSchramm,,,
415,415,9,8044,0,66614990@N07,0,lycienjantos,"Zürich, Switzerland",47.3685586,8.5404434
416,416,5,4077,0,30891784@N06,0,M Atif Saeed,"Lahore, Pakistan",31.5621916,74.3228517
417,417,6,5497,0,12303751@N00,0,m. wriston,,,
418,418,3,2774,0,48701159@N07,0,m.a.d_photographs,Brittany,48.2640845,-2.9202408
419,419,8,7076,0,25387374@N07,0,m_paessler,"Hamburg, Germany",,
420,420,4,3817,0,55910642@N04,0,mahdieh mirmoezi,"Kuala Lumpur, Malaysia",3.13871025,101.682099541
421,421,4,3407,0,27857917@N07,0,Manolis Thr,"Thessaloniki, Greece",40.6403167,22.9352716
422,422,9,8354,0,40047487@N00,0,Manuel Gutjahr,"Berlin, Germany",52.5170365,13.3888599
423,423,6,5580,0,63359565@N00,0,Manuela Hoffmann,"Berlin, Germany",52.5170365,13.3888599
424,424,8,7315,0,84831674@N06,0,marburi,"Prague, The Czech Republic",50.084819,14.4177247
425,425,8,7324,0,7445476@N07,0,Marcel Cavelti,,,
426,426,2,1439,0,7241805@N03,0,Marcus Klepper - Berliner1017,"Berlin, Deutschland",52.5170365,13.3888599
427,427,7,6042,0,57545102@N04,0,mariana.simoes,,,
428,428,8,7011,0,51473828@N05,0,Marie Granelli,,,
429,429,4,3715,0,25767209@N02,0,marin.tomic,,,
430,430,2,1209,0,50269507@N04,0,marion_lecoq,,,
431,431,4,3803,0,16848360@N02,0,mariosworld343,United States ,39.7837304,-100.4458825
432,432,8,7417,0,39997856@N03,0,mariusz kluzniak,"London, UK",,
433,433,4,3783,0,81922999@N00,0,mark justin harvey,"Toronto, canada",43.6529206,-79.3849008
434,434,6,5469,0,46382939@N04,0,Mark Littlejohn,"Penrith, England",,
435,435,5,4132,0,49664177@N08,0,MarkASmith,"Mountains of Utah, US",,
436,436,9,8124,0,28431559@N05,0,markgeorgephotography.co.uk,,,
437,437,6,5349,0,39675695@N00,0,Marlandova,"Montréal, Qc",45.5224507,-73.5912827
438,438,3,2823,0,45205065@N05,0,Marnix Hemmes,,,
439,439,3,2939,0,71325969@N00,0,Martin Gommel,"Karlsruhe, Germany",49.0105758,8.4041208
440,440,8,7353,0,25959337@N00,0,Martin Ystenes - http://hei.cc,"Trondheim, Norway",63.4305658,10.3951929
441,441,8,7156,0,71087360@N08,0,Maryam Arif,"Lahore, Pakistan",31.5621916,74.3228517
442,442,3,2554,0,43894176@N07,0,masahiro miyasaka,Japan,36.5748441,139.2394179
443,443,3,2882,0,78042161@N03,0,masaxxx3,,,
444,444,6,5516,0,64168032@N00,0,Massimo Feliziani,,,
445,445,1,2,0,88467464@N00,0,Mathias*,"Berlin, Germany",52.5170365,13.3888599
446,446,8,7314,0,101104045@N02,0,mathidt,,,
447,447,3,2890,0,8378546@N08,0,Mathijs Delva,"Brugge, Belgium",51.2318283,3.20778222299
448,448,3,2007,0,42040591@N05,0,Matiluba,"La Cassa (To), Italia",45.180348,7.516316
449,449,4,3746,0,82339538@N00,0,Matt Granz Photography,,,
450,450,4,3923,0,65284186@N06,0,Matt.CN,,,
451,451,4,3580,0,24091217@N07,0,Matteo Leoni,Italia,42.6384261,12.674297
452,452,4,3542,0,37394513@N02,0,Matteo M.,"Milano, Italia",45.4666211,9.1906166
453,453,6,5232,0,56492137@N08,0,Matteo Paciotti | Photography,Italia,42.6384261,12.674297
454,454,3,2130,0,20969050@N05,0,Matthew Dartford,"Norwich, England",,
455,455,4,3693,0,47726375@N06,0,Matthias (Bolle),,,
456,456,9,8548,0,46298180@N02,0,Matthieu.K,,,
457,457,6,5531,0,24611341@N05,0,Matutino.,España,40.0028028,-4.003104
458,458,5,4041,0,49403690@N08,0,mauroC.,,,
459,459,4,3682,0,48742532@N02,0,Maximilian Zimmermann,,,
460,460,8,7289,0,34085095@N07,0,maxunterwegs,,,
461,461,3,2094,0,45964493@N04,0,mbaglole,,,
462,462,4,3736,0,79372240@N00,0,mblomqvist,,,
463,463,4,3748,0,50751248@N00,0,mckinnon.james,"Berlin, Germany",52.5170365,13.3888599
464,464,6,5516,0,52844358@N07,0,Meister Schnitter,"Erfurt, Germany",50.9778285,11.0296459
465,465,8,7374,0,80777651@N00,0,Melissa Toledo,"Portland, OR, USA",,
466,466,3,2837,0,47965778@N00,0,memetic,"Melbourne, Australia",-37.8142176,144.9631608
467,467,6,5347,0,39696198@N06,0,Meyrick Ames,,,
468,468,2,1180,0,23097585@N02,0,mgr 27,,,
469,469,6,5582,0,66163043@N06,0,Mia Minor,Slovakia,48.7411522,19.4528646
470,470,8,7381,0,47423259@N03,0,Michad90,"Aschaffenburg, Germany",49.9739001,9.1491699
471,471,4,3448,0,42662226@N04,0,michael.berlin,,,
472,472,9,8543,0,26969532@N02,0,Michael_Underwood,"Lake City, Colorado",38.0299967,-107.3153335
473,473,6,5441,0,22208700@N05,0,Michel Assaad,"Montreal, Canada",45.5224507,-73.5912827
474,474,2,1332,0,8187265@N07,0,midlander1231,"Cornwall., United Kingdom",50.416667,-4.75
475,475,6,5022,0,10998705@N04,0,mikemaingot,,,
476,476,1,78,0,21348866@N00,0,Miku Puustineviz,"Helsinki, Finland",60.1713198,24.9414566
477,477,4,3110,0,23852850@N04,0,millan p. rible,"Shenzhen, Peoples Republic Of China",22.5462321,114.0570068
478,478,8,7137,0,88697375@N00,0,millioncolours,,,
479,479,4,3719,0,45384935@N05,0,MKarlsson,Sweden,59.6749712,14.5208584
480,480,4,3891,0,36226484@N06,0,MMortAH,,,
481,481,4,3397,0,35217152@N04,0,Mohamed Aouichi,,,
482,482,8,7382,0,42757456@N00,0,mompl,"Berlin, Germany",52.5170365,13.3888599
483,483,8,7108,0,45773959@N06,0,mosbies,"Saitama, Japan",36.01852445,139.281427134
484,484,6,5528,0,32681588@N03,0,MrLeica.com (MatthewOsbornePhotography),"Coventry, UK",52.4081812,-1.510477
485,485,8,7397,0,32962361@N02,0,Msjunior- slowly catching up,,,
486,486,4,3786,0,15631744@N00,0,msvenssons,"Stockholm, Sweden",59.3251172,18.0710935
487,487,6,5499,0,30420931@N04,0,Mustekala5,,,
488,488,9,8406,0,13588395@N00,0,Mute*,,,
489,489,8,7415,0,32079661@N08,0,My own prison,,,
490,490,4,3753,0,62795644@N02,0,Nadeem Karim,,,
491,491,9,8055,0,21403039@N06,0,Nam2@7676,"TOKYO, JAPAN",35.69004135,139.510395073
492,492,6,5333,0,24662369@N07,0,NASA Goddard Photo and Video,"Greenbelt, MD, USA",,
493,493,6,5336,0,57139324@N00,0,neamoscou,"Paris, France",,
494,494,4,3746,0,27204141@N05,0,Nelson Webb,,,
495,495,3,2259,0,22884496@N05,0,nezor08,,,
496,496,4,3672,0,44437814@N00,0,Nick Barkworth,UK,54.7023545,-3.2765753
497,497,1,4,0,94602116@N00,0,Nick Campbell,"Chicago, United States",41.8756208,-87.6243706
498,498,3,2601,0,11368978@N07,0,Nick Keating,"Boston, USA",42.3604823,-71.0595678
499,499,4,3703,0,56134217@N06,0,Nickail,Deutschland,51.0834196,10.4234469
500,500,6,5576,0,54589954@N05,0,Nico carletta,"Clermont-Ferrand, france",,
501,501,3,2805,0,43467227@N08,0,nicolasheinzelmann,"Berne, Switzerland",46.9480572,7.4513003
502,502,6,5460,0,70342143@N00,0,nicolasv,,,
503,503,5,4102,0,52217884@N03,0,Nigel Johnston,,,
504,504,1,26,0,59252035@N00,0,niils,,,
505,505,9,8132,0,43793670@N04,0,nina's clicks,,,
506,506,3,2507,0,59283910@N02,0,NoahWmR12,,,
507,507,3,2808,0,63114896@N03,0,Noel Estevez,New York City,40.7305991,-73.9865812
508,508,3,2762,0,45917017@N04,0,noji-ichi,"Tokyo, Japan",35.69004135,139.510395073
509,509,2,1207,0,8123704@N02,0,nustyR AirTeamImages,"Capelle a/d IJssel, The Netherlands",,
510,510,4,3695,0,63169246@N00,0,Nuuuuuuuuuuul,"Vienna, Austria / Europe",,
511,511,4,3003,0,31736526@N02,0,Nwiserszy,,,
512,512,3,2919,0,107526255@N07,0,Núria Mrtz.,"Manresa, España",41.7291194,1.8283711
513,513,3,2935,0,26387589@N05,0,O.Lamalice,Canada,61.0666922,-107.9917071
514,514,6,5023,0,31287634@N02,0,Ola Svensson,,,
515,515,1,46,0,58734998@N00,0,Ole Begemann,"Berlin, Germany",52.5170365,13.3888599
516,516,4,3785,0,63528770@N00,0,olivegreen,"Berlin, Germany",52.5170365,13.3888599
517,517,6,5541,0,56650589@N08,0,Oliver Winter,"Adelade, Australia",,
518,518,5,4109,0,54292462@N02,0,Olivier Duport,France,46.603354,1.8883335
519,519,4,3783,0,66335982@N05,0,OndaOcho,"Newport, UK",51.5882332,-2.9974967
520,520,3,2874,0,46806744@N03,0,oneworldmj,,,
521,521,4,3832,0,85295630@N00,0,Only in RAW ,,,
522,522,9,8104,0,40760810@N05,0,Orione Photographer,,,
523,523,3,2091,0,22633661@N08,0,osamukaneko,"Tokyo, Japan",35.69004135,139.510395073
524,524,1,25,0,12583576@N00,0,ovit,"berlin, germany",52.5170365,13.3888599
525,525,4,3819,0,52748873@N07,0,Oyku Oge,"istanbul, turkey",41.0096334,28.9651646
526,526,4,3860,0,73234390@N08,0,P-R.,,,
527,527,5,4129,0,51255516@N05,0,page.closed,,,
528,528,4,3425,0,66098081@N03,0,panikyu,"Moscow, Russia",55.7516147,37.6187012
529,529,5,4049,0,22735238@N05,0,Pascalala,,,
530,530,6,5448,0,20905078@N04,0,patrickjoust,Baltimore,39.2908608,-76.6108073
531,531,1,118,0,61768226@N00,0,Paul Cooklin,UK,54.7023545,-3.2765753
532,532,3,2615,0,37781412@N07,0,paul pepera,"Seattle, WA, USA",,
533,533,6,5460,0,67818055@N07,0,Pawel A K,,,
534,534,9,8127,0,60900701@N08,0,paz.olivaresdroguett,Buenos Aires,-34.612869,-58.4459789
535,535,8,7359,0,39614951@N06,0,PetaPixel,,,
536,536,3,2862,0,17875539@N00,0,Peter Bowers,"Toronto, Canada",43.6529206,-79.3849008
537,537,7,6149,0,65639343@N02,0,Peter From Quebec,,,
538,538,8,7418,0,25593324@N06,0,pgauti,"Est Seine & Marne, France",,
539,539,6,5457,0,54229460@N02,0,PhaedraM,,,
540,540,4,3910,0,49801019@N07,0,Philipp Götze,,,
541,541,3,2872,0,8407953@N03,0,Philipp Klinger Photography,,,
542,542,8,7450,0,30725406@N00,0,philippe*,tahiti,-17.7447858,-149.2129161
543,543,8,7331,0,40512809@N02,0,PhotoJunket,"Cambridge, UK",52.2033051,0.124862
544,544,9,8026,0,21258720@N03,0,photosbychinwe,"Baltimore, Maryland, USA",39.2908608,-76.6108073
545,545,4,3886,0,66374458@N06,0,Piera Fiammenghi,,,
546,546,9,8218,0,45719445@N00,0,Pierre Journel,"Saint-Mandé, France",48.8419182,2.4172278
547,547,4,3436,0,35221649@N02,0,pierrebourhis,nantes,47.2185155,-1.5545147
548,548,4,3830,0,51828501@N02,0,polinagreen,,,
549,549,6,5568,0,7977072@N05,0,popikone,"Stuttgart, Germany",48.7784931,9.1800456
550,550,4,3741,0,62785830@N07,0,Preappy,"Ottawa, Canada",45.4210328,-75.6900219
551,551,0,0,0,63290163@N04,0,PriKo8,,,
552,552,3,2406,0,12866456@N05,0,Prinz Wilbert,,,
553,553,5,4132,0,50230106@N07,0,Prioritaire,,,
554,554,4,3674,0,35499518@N08,0,ProphecyBlur,,,
555,555,3,2898,0,58483359@N02,0,psmashers,,,
556,556,3,2173,0,14567055@N06,0,ptimat,"Roussillon, France",,
557,557,3,2300,0,26962799@N07,0,R e d o x,,,
558,558,4,3788,0,39324223@N07,0,ragingtornado,Canada,61.0666922,-107.9917071
559,559,4,3889,0,53516092@N07,0,RagtimeWillie,"Melbourne, Australia",-37.8142176,144.9631608
560,560,9,8086,0,21175630@N00,0,Raphaël Dupertuis,"Morges, Switzerland",46.5093268,6.498317
561,561,5,4067,0,50256670@N07,0,raulcr9,,,
562,562,5,4011,0,45832818@N07,0,Ravi Pinisetti,"Jupiter, FL, US",,
563,563,3,2868,0,46171869@N08,0,RAWF85,"Londrina, Brazil",-23.3112878,-51.1595023
564,564,8,7406,0,63992625@N06,0,Rein -e- Art,,,
565,565,3,2702,0,46405359@N08,0,reiroshu,italy,42.6384261,12.674297
566,566,4,3115,0,29069554@N06,0,remik78,"Wielkopolska, Poland",52.1490059,17.3468236
567,567,9,8113,0,22667120@N00,0,Reni Wu,,,
568,568,3,2830,0,36121166@N07,0,Repiský Máté,"Gyula, Hungary",46.6438656,21.2747575
569,569,3,2852,0,46182568@N00,0,Reuben Wu,,,
570,570,8,7328,0,55528068@N02,0,ricardobarriosp,,,
571,571,4,3732,0,51187611@N02,0,Richard Hodonicky,Czech republic,49.8167003,15.4749544
572,572,6,5501,0,78464675@N05,0,Rima Dadenji,,,
573,573,5,4024,0,43398743@N02,0,RinsingAgent,,,
574,574,3,2744,0,44548980@N00,0,Rita Crane Photography,"Northern California Coast, USA",,
575,575,8,7338,0,79244543@N00,0,rmaspero,,,
576,576,8,7397,0,39439817@N08,0,Robert Abrahamsson,,,
577,577,9,8405,0,25656149@N07,0,Robert Brienza,"Auckland, New Zealand",-36.50775635,174.540946482
578,578,8,7432,0,98091806@N00,0,robertpauljansen,"Gemonde, Nederland",51.61695865,5.36672192744
579,579,9,8408,0,24736216@N07,0,roger4336,"Sarasota, Florida, U.S.A.",,
580,580,3,2313,0,22864990@N04,0,RoldixBCN,Barcelona,41.3870186,2.1700437
581,581,3,2827,0,23941584@N00,0,Romeodesign,,,
582,582,8,7354,0,7214275@N08,0,Rona's whereabouts,"Bremen, Germany",53.0758099,8.80717
583,583,8,7389,0,111798087@N03,0,Rosebud.s,,,
584,584,6,5327,0,73006033@N07,0,Rouz 29,"Brest, FRANCE",,
585,585,4,3425,0,32572081@N02,0,rr807,Germany,51.0834196,10.4234469
586,586,3,2933,0,63947271@N06,0,S l a w e k,"Brighton, UK",50.82221,-0.1377534
587,587,6,5322,0,23593732@N07,0,Samuel Raison,France,46.603354,1.8883335
588,588,4,3811,0,95245437@N00,0,sandra juto,,,
589,589,7,6153,0,67853969@N02,0,SandyInBerlin,,,
590,590,5,4039,0,48108571@N06,0,Sarah C*,,,
591,591,3,2476,0,19724473@N00,0,saskia_van _rijn,,,
592,592,9,8378,0,65362926@N00,0,SavageHenry83,,,
593,593,4,3666,0,33672800@N00,0,sean lancaster,"Grand Rapids, MI, United States",42.9633599,-85.6680863
594,594,6,5281,0,57916541@N03,0,Sean P. Sweeney,"Staten Island New York, USA",40.5834557,-74.1496048
595,595,1,54,0,56663412@N00,0,sergio sarnicola,"BARCELONA, SPAIN",41.3870186,2.1700437
596,596,6,5523,0,75939142@N05,0,shirofat,,,
597,597,0,0,0,54772665@N08,0,shunsuke_onji,,,
598,598,8,7435,0,59090657@N06,0,shutterbugamar,,,
599,599,4,3011,0,36925203@N04,0,Sid Black,,,
600,600,8,7296,0,89354627@N00,0,simonsyh,"Memphis, TN, USA",,
601,601,6,5331,0,83746765@N08,0,sinestesia ◢╲,,,
602,602,8,7452,0,9745119@N07,0,Sinuhé Bravo Photography,,,
603,603,4,3772,0,45816263@N00,0,Sir Francis Canker Photography ©,Arenzano - Lucena - Brugge - Liège - Den Haag - Paris - Bruxelles/Brussel - New York State,,
604,604,6,5550,0,11063328@N00,0,sizima,,,
605,605,1,54,0,30889478@N00,0,smif,"Downtown Krakow, Poland",,
606,606,8,7433,0,52363954@N08,0,smtrimble,,,
607,607,1,123,0,20068589@N00,0,societat_secreta,,,
608,608,1,60,0,31824435@N00,0,Soffia Gisladottir,"Reykjavik, Iceland",64.145981,-21.9422367
609,609,6,5562,0,63134633@N03,0,SolitudeWays.,"Vicino ai Colli Euganei, Italia.",,
610,610,8,7402,0,37491198@N03,0,Sonja Blanco,"Madrid, Spain",40.5248319,-3.77156277545
611,611,6,5515,0,12894218@N00,0,sorina iordan,"bucharest, romania",44.436139,26.1027436
612,612,8,7220,0,49594029@N05,0,Sparklietrees,,,
613,613,4,3895,0,32614064@N03,0,sparth,,,
614,614,6,5142,0,61876036@N05,0,spimpom,Here and there..,37.0333259,60.7945524
615,615,9,8265,0,31522428@N03,0,spreephoto.de,"Berlin, Germany",52.5170365,13.3888599
616,616,7,6234,0,70060685@N07,0,st-sc,"Berlin, germany",52.5170365,13.3888599
617,617,9,8412,0,77471432@N04,0,Starej Grafik,"Olomouc, Czech Republic",49.5941371,17.2508295
618,618,3,2618,0,53236397@N06,0,steee94,,,
619,619,1,53,0,73493908@N00,0,steffanmacmillan,"London, United Kingdom",51.5072759,-0.1276597
620,620,9,8402,0,82607712@N00,0,steffenz,"Berlin, Germany",52.5170365,13.3888599
621,621,8,7357,0,37729610@N06,0,stephen cosh,"Ayr, Scotland",55.4597555,-4.6322863
622,622,8,7346,0,113092464@N04,0,stepping through time,,,
623,623,6,5445,0,46473374@N04,0,Steve-P2010,,,
624,624,6,5444,0,43808888@N08,0,steven-brooks,,,
625,625,8,7337,0,55993067@N04,0,stevensonck,"New York, United States",40.7305991,-73.9865812
626,626,4,3346,0,38365223@N03,0,Steys,Planet Earth,12.8831063,77.7501677
627,627,4,3746,0,46237011@N04,0,StradaPhotography,,,
628,628,4,3656,0,36574337@N03,0,Studebaker_Photography,,,
629,629,3,2918,0,33826060@N03,0,sungsooleephoto,,,
630,630,4,3461,0,34543259@N06,0,Sverrir Thorolfsson,"Kopavogur, Iceland",64.08741105,-21.8247746611
631,631,4,3800,0,46902234@N02,0,sylvanbobcat,USA,39.7837304,-100.4458825
632,632,8,7430,0,44736165@N03,0,SZEWCZYK (Johnem),"Swidnica, Poland",50.8424835,16.4870549
633,633,6,5511,0,62566721@N05,0,t-hibi,,,
634,634,6,5350,0,7772661@N07,0,t.a.p masa,,,
635,635,8,7419,0,102151848@N03,0,T.JEFFREY,Singapore,1.2904527,103.852038
636,636,9,8488,0,40758542@N02,0,Tabi**chu,"Prague , Czech Republic",50.084819,14.4177247
637,637,3,2925,0,15751206@N02,0,Tafelzwerk,"Bonn, Germany",50.7358511,7.1006599
638,638,3,2893,0,16920036@N05,0,Takahiro Yamamoto,,,
639,639,1,46,0,93993914@N00,0,tallkev,"Perth, Australia",-31.9527121,115.8604796
640,640,7,6137,0,47723523@N03,0,tantarosa,,,
641,641,9,8456,0,87540537@N06,0,TB35mm,,,
642,642,9,8151,0,66068322@N02,0,Teruo Araya,,,
643,643,8,7362,0,91806345@N00,0,tetsumaru,"Tokyo, Japan",35.69004135,139.510395073
644,644,8,7426,0,41282453@N04,0,tgden,England,52.7954791,-0.540240236617
645,645,9,8505,0,76116592@N00,0,th.egilson (away for a few days),Iceland,64.9841821,-18.1059013
646,646,4,3839,0,28030851@N05,0,Thainlin Tay,Singapore,1.2904527,103.852038
647,647,6,5284,0,57040163@N06,0,thb1970,"Berlin, Germany",52.5170365,13.3888599
648,648,9,8254,0,30066309@N07,0,The Globetrotting photographer,"Melbourne, Australia",-37.8142176,144.9631608
649,649,3,2366,0,83519847@N00,0,The Hamster Factor,"Gothenburg, Sweden",57.7072326,11.9670171
650,650,3,2891,0,54277843@N05,0,The smiling monkey,,,
651,651,8,7369,0,48349322@N04,0,TheElse,,,
652,652,8,7387,0,54810591@N04,0,Thiago SL,BR,25.6440845,85.906508
653,653,3,2065,0,23185119@N08,0,this fleeting life,,,
654,654,1,94,0,40386447@N00,0,Thomas Birke,"Berlin, Germany",52.5170365,13.3888599
655,655,8,7370,0,51035555243@N01,0,Thomas Hawk,"San Francisco, USA",37.7789601,-122.419199
656,656,2,1294,0,40387610@N04,0,Thomas Koehler,,,
657,657,9,8412,0,41430236@N08,0,Thomas Lautenschlag,,,
658,658,5,4122,0,52580503@N07,0,thomas.janisch,,,
659,659,4,3742,0,45242004@N04,0,Three Thoughts,,,
660,660,3,2845,0,39703072@N07,0,Thuyhn,,,
661,661,4,3353,0,28503375@N05,0,TiiimChao,,,
662,662,3,2615,0,37342835@N04,0,Tim Bow Photography,"Porthcawl / Stockholm, Wales / Sweden",,
663,663,4,3773,0,86435104@N00,0,Tim Gallivan,"Bend, OR, US",,
664,664,6,5588,0,86613970@N00,0,Tim Grist,UK,54.7023545,-3.2765753
665,665,9,8256,0,15953451@N05,0,Timothy P. Icture,,,
666,666,4,3818,0,52989381@N04,0,tjdriscoll99,"Birmingham, UK",52.4813679,-1.8980726
667,667,4,3793,0,120071756@N06,0,tl.benz,,,
668,668,5,4065,0,45021235@N05,0,Tobias Knoch,"Konstanz, Deutschland",47.659216,9.1750718
669,669,4,3761,0,37092961@N05,0,Tom Cadrin,"Southborough MA, USA",,
670,670,8,7402,0,98458347@N00,0,TommyP,USA,39.7837304,-100.4458825
671,671,4,3804,0,79815601@N02,0,Topher Hagop,,,
672,672,3,2889,0,29891476@N00,0,Tormod Ulsberg,,,
673,673,6,5528,0,56285319@N02,0,tsukasa*,,,
674,674,8,7283,0,56707563@N07,0,Tumbalalaika,,,
675,675,6,5477,0,79503145@N03,0,Tyler Rease,"Paris , France",,
676,676,3,2906,0,14848619@N04,0,tylerforesthauser,"Victoria, Canada",48.4283327,-123.3649269
677,677,4,3670,0,64922456@N00,0,u n c o m m o n,,,
678,678,8,7321,0,40421323@N00,0,una cierta mirada,"Madrid, Spain",40.5248319,-3.77156277545
679,679,8,7058,0,76413315@N06,0,USBFINGER,,,
680,680,3,2852,0,83045427@N00,0,v.ir.g.il.e,"Stockholm, Sweden",59.3251172,18.0710935
681,681,9,8267,0,17666600@N02,0,vamitos,Galicia,42.61946,-7.863112
682,682,8,7304,0,93998555@N07,0,Vania ϟ,,,
683,683,4,3674,0,44881282@N07,0,VEROBOLANOSMORA,,,
684,684,4,3857,0,41458021@N03,0,Victor Jori,,,
685,685,4,3735,0,41371746@N03,0,VidarFoto,"Bergen, Norway",60.3568769,5.37306653035
686,686,4,3722,0,27324415@N00,0,Vivienne Gucwa,"Lower East Side, NYC, US",40.7159357,-73.9868057
687,687,8,7441,0,8748614@N05,0,Volphoebe,Italy,42.6384261,12.674297
688,688,3,2899,0,66784546@N08,0,Véro♥Nine,"Bilieu, France",45.4486,5.55145
689,689,4,3782,0,48945699@N00,0,warmsummernight,"seattle, wa",,
690,690,9,8552,0,55797021@N03,0,Wassim Samara,,,
691,691,4,3743,0,38003907@N03,0,wbsloan,"Springfield, Oregon, United States",44.0462362,-123.0220289
692,692,4,3830,0,44163884@N08,0,Weisimel,"Bielsko-Biała, Poland",49.822118,19.0448936
693,693,4,3796,0,75008327@N06,0,West Leigh,,,
694,694,4,3901,0,76474671@N04,0,whentheycomeforme,,,
695,695,4,3684,0,58077117@N07,0,wildorange55,,,
696,696,9,8197,0,43154903@N03,0,wirsindfrei,"Lisboa, Portugal",38.7130574,-9.1380056
697,697,4,3816,0,46218677@N08,0,Wojtek Toman (http://hdrphotographer.blogspot.com),"Warsaw, Poland",52.2319237,21.0067265
698,698,6,5583,0,65695295@N02,0,WSuvak,"Vancouver, Canada",49.2608944,-123.1139383
699,699,6,5548,0,16257414@N00,0,www.chriskench.photography,,,
700,700,8,7363,0,50793944@N04,0,www.JordanGoughPhotography.co.uk,,,
701,701,4,3787,0,63583522@N00,0,www.juliadavilalampe.com,"Madrid, Spain",40.5248319,-3.77156277545
702,702,4,3172,0,26457654@N07,0,Xindaan,"Berlin, Germany",52.5170365,13.3888599
703,703,6,5530,0,105987780@N03,0,yasmeen_sa88id,,,
704,704,4,3705,0,27944505@N08,0,Yellow !,"wuxi, China",31.4887073,109.318140892
705,705,3,2901,0,88905119@N05,0,Ye´s,"Berlin, Germany",52.5170365,13.3888599
706,706,0,0,0,35993148@N02,0,yoostynaa,,,
707,707,0,0,0,14121703@N06,0,youness.nadir,,,
708,708,4,3508,0,24289096@N00,0,Yubai K,Taipei Taiwan,25.0375167,121.5637
709,709,9,8184,0,92487749@N03,0,yuki++,,,
710,710,6,5348,0,104736340@N03,0,z a r i a n k a,"Warsaw, Poland",52.2319237,21.0067265
711,711,9,8260,0,82133406@N00,0,ziz,,,
712,712,1,147,0,96924097@N00,0,{CP},"Reading, United Kingdom",51.4580216,-0.9673727
713,713,9,8545,0,44877566@N05,0,{no rest for the wicked},,,
714,714,1,99,0,40792736@N00,0,~EvidencE~,"toronto, canada",43.6529206,-79.3849008
715,715,2,1337,0,45580334@N08,0,~green tea ice cream~,England,52.7954791,-0.540240236617
716,716,8,7363,0,92254987@N00,0,~janne,,,
717,717,4,3677,0,99456719@N00,0,~Ơ~,,,
718,718,7,6177,0,45224397@N05,0,© Mario Gutiérrez Photographer,,,
719,719,6,5174,0,39209588@N06,0,© www.borais.com,,,
720,720,6,5012,0,39459974@N07,0,°*sacha*°,,,
721,721,3,2845,0,23128824@N00,0,ĒTHANEA,,,
722,722,5,4064,0,23303678@N02,0,Бранко,,,
723,723,6,5487,0,26029313@N07,0,Женя Григорьева,Moscow,55.7516147,37.6187012
724,724,8,7362,0,75329664@N08,0,ℂharlotte Astle ⚓,,,
725,725,9,8399,0,26577094@N04,0,►bEbOpix,,,
726,726,4,3705,0,36587311@N08,0,►CubaGallery,"Auckland, New Zealand",-36.50775635,174.540946482
727,727,5,4077,0,52285046@N08,0,►►M J Turner Photography ◄◄,United Kingdom,54.7023545,-3.2765753
728,728,6,5557,0,62601831@N02,0,シ－クボント - Sieg Bond,,,
729,729,0,0,0,99777894@N00,0,米死米(MSM),,,
